Season,Team,Prior_Mean,M,Prior_Mean_Source,M_Source,Prior_Variance,Prior_SD
2026-27,Arsenal,3.2031047897615386,0.8640526995529713,2025-26 Bayesian posterior,2025-26 E0,0.8482325856199644,0.9209954319213339
2026-27,Aston Villa,0.7965900652439026,1.04714707197416,2025-26 Bayesian posterior,2025-26 E0,1.0279746465054167,1.0138908454589264
2026-27,Bournemouth,0.5155074972293106,0.8516392387476583,2025-26 Bayesian posterior,2025-26 E0,0.8360464053547674,0.9143557323901718
2026-27,Brentford,0.5110847996461739,1.0884564318333982,2025-26 Bayesian posterior,2025-26 E0,1.0685276650213424,1.033696118315892
2026-27,Brighton,0.6525181344045736,0.8899050368792775,2025-26 Bayesian posterior,2025-26 E0,0.873611587324325,0.9346719142695606
2026-27,Chelsea,0.9818051969012125,1.0797031042202976,2025-26 Bayesian posterior,2025-26 E0,1.0599346038366713,1.0295312544243964
2026-27,Crystal Palace,-0.17187901151328955,0.9844917034796528,2025-26 Bayesian posterior,2025-26 E0,0.9664664477016129,0.983090254097564
2026-27,Everton,0.010384371928654263,0.8528285324975734,2025-26 Bayesian posterior,2025-26 E0,0.8372139240872174,0.914993947568626
2026-27,Fulham,0.058079888936155635,0.8078577117747198,2025-26 Bayesian posterior,2025-26 E0,0.7930664831279644,0.890542802524373
2026-27,Liverpool,1.7090698463215657,1.0334576179734047,2025-26 Bayesian posterior,2025-26 E0,1.0145358354597551,1.0072416966447304
2026-27,Man City,3.026023571113532,1.0305920139381344,2025-26 Bayesian posterior,2025-26 E0,1.0117226983427043,1.0058442714171536
2026-27,Man United,1.1034521082621385,1.0901008127449485,2025-26 Bayesian posterior,2025-26 E0,1.070141938633438,1.034476649631802
2026-27,Newcastle,0.7321163660051301,0.9326943351476666,2025-26 Bayesian posterior,2025-26 E0,0.9156174477606589,0.9568790141708924
2026-27,Nott'm Forest,0.1354933619539792,0.9949466112348134,2025-26 Bayesian posterior,2025-26 E0,0.9767299344567221,0.9882964810504599
2026-27,Tottenham,-0.05471319924012338,1.0676374488392573,2025-26 Bayesian posterior,2025-26 E0,1.0480898609565736,1.0237625999012534
2026-27,West Ham,-0.906279346754054,1.118173262988563,2025-26 Bayesian posterior,2025-26 E0,1.0977004047630485,1.047711985596733
2026-27,Wolves,-1.9213615292009336,1.0958574715996523,2025-26 Bayesian posterior,2025-26 E0,1.075793197668198,1.0372045110141963
2026-27,Coventry,-1.613452778167823,1.0406869673690944,Promotion bridge,2025-26 E1,1.0216328212494281,1.0107585375595045
2026-27,Ipswich,-1.613452778167823,0.8203711943893963,Promotion bridge,2025-26 E1,0.8053508538831845,0.8974134241714822
2026-27,Hull,-1.613452778167823,1.065013993347243,Promotion bridge,2025-26 E1,1.0455144388366016,1.0225040043132356
