Season,Team,Home_S,Away_S,S,V
2021-22,Arsenal,0.2818403465151493,-0.1348616649552301,0.43569847065435885,0.7466321105617801
2021-22,Aston Villa,0.1369957376752314,0.01168510247028808,0.4672105189204179,-0.1439434521611798
2021-22,Brentford,-0.005391629350743369,-0.1474056863767169,-0.4555423252108795,-0.06568038856970368
2021-22,Brighton,-0.07757551760076078,0.03115961513493706,-0.10782539813480797,-0.8415150428009374
2021-22,Burnley,-0.1429865654771743,-0.2793840159669315,-1.2787861618390228,-0.05850275107004915
2021-22,Chelsea,0.215720315892117,0.4492250189647406,2.0771890687681673,-1.2870118879302002
2021-22,Crystal Palace,0.1525690862991241,-0.1761658083847873,-0.07759604979645664,0.4932275870586301
2021-22,Everton,0.02265732841350126,-0.4248761551463546,-1.2453007225656987,0.8904344677986221
2021-22,Leeds,-0.2352323285572943,-0.2277127683925327,-1.3897773812745933,-0.49461487265663545
2021-22,Leicester,0.141414113515936,-0.04540995562764039,0.30068901903463086,0.04878313404647459
2021-22,Liverpool,0.6361644201848037,0.3886921130094548,3.133562056323242,0.15024048454137268
2021-22,Man City,0.61598616429671,0.5985406677736842,3.733918669124854,-0.5697919902593166
2021-22,Man United,0.1737429252030711,-0.1023619750010907,0.21738497394204437,0.32382716041002263
2021-22,Newcastle,0.0717661356156575,-0.1500856038742682,-0.23516476033800734,0.17155949791132472
2021-22,Norwich,-0.3678755377631905,-0.5572330226986106,-2.8198142813961513,0.14872418360388237
2021-22,Southampton,0.06422298556773798,-0.232796528504131,-0.5177466157979027,0.4094034439513173
2021-22,Tottenham,0.2418170785719065,-0.04728092050375625,0.5925444408572376,0.3524108628477313
2021-22,Watford,-0.4532666279121288,-0.401472198629394,-2.5830069423838666,-0.5945318979206369
2021-22,West Ham,0.07090754027263316,-0.07794820024915168,-0.010762845706263213,-0.05793468724938339
2021-22,Wolves,-0.08329812369334205,-0.04769226068114771,-0.37286772278343117,-0.6104131053101031
2022-23,Arsenal,0.3011201092074272,0.3347084022498235,1.9701639751415236,-0.6734864339040543
2022-23,Aston Villa,0.3347862554846668,-0.08650479093399227,0.7448410197984283,0.7515081431223126
2022-23,Bournemouth,-0.1574486801654379,-0.4026468219198236,-1.709464313917072,0.2864015833279141
2022-23,Brentford,0.1510554778956302,-0.04517749862198726,0.3300114788398737,0.0766429500229527
2022-23,Brighton,0.3577900563532146,0.07392325888725843,1.3177730551837883,0.31501008466074715
2022-23,Chelsea,-0.06552252416646448,-0.1633185323808945,-0.6839210939656094,-0.1939338634418114
2022-23,Crystal Palace,-0.1653277223753727,-0.2026973971958024,-1.1037779831581147,-0.36601481039735995
2022-23,Everton,-0.05618828195690109,-0.2571196348294161,-0.9513438974156886,0.12884969510686953
2022-23,Fulham,0.05094520191798579,-0.02841985463434411,0.08585828866939418,-0.27295109143224583
2022-23,Leeds,-0.05285646635501061,-0.3355044823778059,-1.1880663473377633,0.385332916544063
2022-23,Leicester,0.01344489428922654,-0.1100475192177263,-0.2821525050608009,-0.12735206934334797
2022-23,Liverpool,0.3859411408728596,0.07737778529915948,1.4121222591250822,0.38762304656676544
2022-23,Man City,0.4646331725349108,0.1755113742404636,1.9542142108772733,0.31224817749224965
2022-23,Man United,0.4377739927728209,-0.1224733247948707,0.9370887578572765,1.170073663833116
2022-23,Newcastle,0.4346920533661257,0.05628627218991424,1.4903364258392353,0.5985472230389435
2022-23,Nott'm Forest,-0.0001769093651116591,-0.469518363573842,-1.4534616032396805,0.9631670386918829
2022-23,Southampton,-0.2587180119090898,-0.3568451875102341,-1.8656807295049775,-0.15800351355311984
2022-23,Tottenham,0.2258343726008662,-0.08627453571483712,0.4224723146387434,0.427690648005139
2022-23,West Ham,0.02760127802519366,-0.1664092694065282,-0.41748924891185785,0.0919452227229415
2022-23,Wolves,-0.01579483861620956,-0.3583907718376529,-1.150162817075608,0.5672393773598321
2023-24,Arsenal,0.485168497963848,0.4865885589691278,2.993776134817635,-0.6055201293104807
2023-24,Aston Villa,0.1703003619414038,-0.04492285729455107,0.38788264236412884,0.13291188364204093
2023-24,Bournemouth,-0.04659479723712411,-0.07959811752055171,-0.36440275414156614,-0.4011931433890019
2023-24,Brentford,-0.003141708582344617,-0.1804651223747749,-0.5528769788457886,0.044998391974936255
2023-24,Brighton,0.09744906116641895,-0.1154131547692553,-0.04992157802079334,0.13863999862159818
2023-24,Burnley,-0.3653920120884208,-0.3340382482064156,-2.1102670204888123,-0.5460934555971387
2023-24,Chelsea,0.2379658171272735,-0.0738723992398544,0.49746547134036473,0.4246482629184448
2023-24,Crystal Palace,0.05501810966938762,-0.09954130211463594,-0.12581544068468237,-0.03712122347555843
2023-24,Everton,0.133843883678942,-0.2809298534874369,-0.46271817354713374,0.7672918088228441
2023-24,Fulham,0.09363958343125404,-0.2039283787586884,-0.33969198510258863,0.40581665259358357
2023-24,Liverpool,0.5477336709198447,0.3467726945053319,2.7394429933413034,0.019882793724541714
2023-24,Luton,-0.04763001148893861,-0.2430048393987331,-0.881558751986415,0.10982306920251703
2023-24,Man City,0.4268218906647505,0.2430184047113406,2.05446679497276,-0.012260545300120457
2023-24,Man United,0.04232210644772483,-0.1751843638561296,-0.4014420400203162,0.16320624505699652
2023-24,Newcastle,0.386374130789938,-0.09975634698193707,0.8561330186869597,0.9461803207264667
2023-24,Nott'm Forest,-0.05226979518822312,-0.2300792967225117,-0.8546534383996933,0.0553995143574523
2023-24,Sheffield United,-0.499095504907531,-0.4868771425849724,-2.987599343813673,-0.46174744606246376
2023-24,Tottenham,0.1424185647434504,0.111333897344018,0.7967920556400525,-0.4413625707084897
2023-24,West Ham,-0.02922692369259127,-0.1310903112449943,-0.4748960546066518,-0.18769216728236654
2023-24,Wolves,0.04223251006194183,-0.1686738390886185,-0.3812252831547766,0.14245809812682259
2024-25,Arsenal,0.3614970690992368,0.1828866959269049,1.6715707550294236,-0.016801574950184625
2024-25,Aston Villa,0.2115638903023087,-0.05373744264622708,0.4825170840042837,0.2830086196171197
2024-25,Bournemouth,0.1926952487676027,0.08738855540768747,0.8705525509390017,-0.21693547574122563
2024-25,Brentford,-0.03482920060413752,0.01918460176376654,-0.018736669339412006,-0.677078275526315
2024-25,Brighton,0.0718854686597332,0.05747544747269741,0.4181870559880609,-0.48108456225415486
2024-25,Chelsea,0.3128530426610676,-0.01668604845955119,0.8994522442223613,0.466812526586855
2024-25,Crystal Palace,-0.03640036099069135,0.1137594520644222,0.2741415402802431,-0.9792749304388848
2024-25,Everton,0.06128142625912129,-0.1782028411655719,-0.3547151101693902,0.22892575031565238
2024-25,Fulham,0.04365097166134052,0.1130374382112818,0.5092595490399608,-0.7396139348863565
2024-25,Ipswich,-0.4215773113470463,-0.223202305392743,-1.9281869320164942,-1.0614047290510935
2024-25,Leicester,-0.2816356196596507,-0.4749141823229397,-2.3050933565820393,0.14548634211516684
2024-25,Liverpool,0.3567322440955046,0.3920833917326524,2.3155845900457264,-0.6890752626890848
2024-25,Man City,0.2967413543786971,0.1637301405444325,1.4192723606799893,-0.14856491623964266
2024-25,Man United,-0.05117643463220686,-0.04926281925533736,-0.28255300677534156,-0.5102162702417694
2024-25,Newcastle,0.325749441745824,-0.01148661155620032,0.954053777545628,0.48869865828834497
2024-25,Nott'm Forest,0.03273203694669209,0.04106528431103343,0.2504516542002337,-0.5455654985119297
2024-25,Southampton,-0.5634017997426594,-0.4729594553095778,-3.1345116991734665,-0.6962313475963027
2024-25,Tottenham,-0.02035449629486499,-0.03340631190158153,-0.14126619517060646,-0.46870026382989294
2024-25,West Ham,-0.1355288843966899,-0.07183951737786862,-0.6037248000402837,-0.6893331140762807
2024-25,Wolves,0.01635997788704079,-0.1393851749231261,-0.3658057252426584,-0.026409686792722993
2025-26,Arsenal,0.5325716155510305,0.2279427155094677,2.320635096769654,0.34876557208955433
2025-26,Aston Villa,0.1857262104210972,-0.09868891245084323,0.26447664551800504,0.3478075376772072
2025-26,Bournemouth,0.1852116122470053,0.01482018457743104,0.620056186273699,-0.01082404981677471
2025-26,Brentford,0.06084112493739834,-0.2857770673658162,-0.6944549584214108,0.5660542014028854
2025-26,Brighton,0.1331318206858469,-0.1145662211048178,0.05855892841339755,0.24179150972531027
2025-26,Burnley,-0.2839280028548676,-0.4038693378711207,-2.0883805394024444,-0.08482244373690652
2025-26,Chelsea,0.04529528581078245,0.09455387705450151,0.4559854552313551,-0.6765875257972286
2025-26,Crystal Palace,-0.0831728941983913,-0.1218290853458817,-0.6057346921824049,-0.3768034083018129
2025-26,Everton,-0.01190915857844929,-0.1059083477504783,-0.344317035608123,-0.21556070032876698
2025-26,Fulham,0.1379557729778524,-0.2562392087165954,-0.37284644420788227,0.7018074149907335
2025-26,Leeds,0.1149229208820642,-0.2440012985065924,-0.4026484766318823,0.5950031696398941
2025-26,Liverpool,0.208509229689006,0.06487608229929084,0.84662295362093,-0.0992142341451852
2025-26,Man City,0.490205284405384,0.209235732314966,2.136146034960644,0.2819828080424296
2025-26,Man United,0.2710995283913473,-0.007557733582807337,0.8043517755649675,0.3142757445605552
2025-26,Newcastle,0.06291879605802483,-0.1467203186059098,-0.25081388094024304,0.13473564989673412
2025-26,Nott'm Forest,0.04009548871067506,0.005746291656808344,0.16117231909475271,-0.4126140322752708
2025-26,Sunderland,0.108932574297271,-0.2521724733161712,-0.446119589431292,0.6029459446491497
2025-26,Tottenham,-0.1322903892897598,0.07422726882443906,-0.13458739360607339,-1.1392632264980118
2025-26,West Ham,-0.05120416400812063,-0.2576046041200354,-0.9380894040780915,0.14515566602016608
2025-26,Wolves,-0.1964041599622885,-0.5799276310232725,-2.3827201735344046,0.7286151442386167
